node,parent,branch.length,name,id,species,date,isTip,label
1,287,0.10633457352043063,AbuDhabi/Gayathi_UAE_2_2014,KP209310,human,2014-03-07,TRUE,b_0_1
2,288,0.06769135444639574,AbuDhabi_UAE_16_2014,KP209308,human,2014-04-10,TRUE,b_0_2
3,289,0.03633660957318585,AbuDhabi_UAE_18_2014,KP209307,human,2014-04-10,TRUE,b_0_3
4,291,0.026457813898878024,AbuDhabi_UAE_26_2014,KP209313,human,2014-04-13,TRUE,b_0_4
5,292,0.02346546849059794,AbuDhabi_UAE_30_2014,KP209309,human,2014-04-19,TRUE,b_0_5
6,292,0.017986018489814404,AbuDhabi_UAE_33_2014,KP209311,human,2014-04-17,TRUE,b_0_6
7,290,0.024364818183496784,AbuDhabi_UAE_8_2014,KP209306,human,2014-04-07,TRUE,b_0_7
8,303,0.146349610175323,AbuDhabi_UAE_9_2013,KP209312,human,2013-11-15,TRUE,b_0_8
9,322,0.06446582115636934,Al-Hasa_11_2013,KF600629,human,2013-05-03,TRUE,b_0_9
10,320,0.09327759638996502,Al-Hasa_12_2013,KF600627,human,2013-05-07,TRUE,b_0_10
11,319,0.09935635205659876,Al-Hasa_14_2013,KF600615,human,2013-05-08,TRUE,b_0_11
12,333,0.0727802734426577,Al-Hasa_15_2013,KF600645,human,2013-05-11,TRUE,b_0_12
13,333,0.07552000344260268,Al-Hasa_16_2013,KF600644,human,2013-05-12,TRUE,b_0_13
14,325,0.03335445593155617,Al-Hasa_17_2013,KF600647,human,2013-05-15,TRUE,b_0_14
15,329,0.06819191275550018,Al-Hasa_18_2013,KF600651,human,2013-05-23,TRUE,b_0_15
16,327,0.011974723084299477,Al-Hasa_19_2013,KF600632,human,2013-05-23,TRUE,b_0_16
17,324,0.07235441055541214,Al-Hasa_1_2013,KF186567,human,2013-05-09,TRUE,b_0_17
18,329,0.08736999275730284,Al-Hasa_21_2013,KF600634,human,2013-05-30,TRUE,b_0_18
19,315,0.2772895920631475,Al-Hasa_23_2013,KJ156860,human,2013-05-13,TRUE,b_0_19
20,332,0.07078976741749843,Al-Hasa_25_2013,KJ156866,human,2013-05-02,TRUE,b_0_20
21,328,0.02354094756531122,Al-Hasa_26_2013,KJ156882,human,2013-06-18,TRUE,b_0_21
22,328,0.026280677565343247,Al-Hasa_27_2013,KJ156943,human,2013-06-19,TRUE,b_0_22
23,326,0.0958758005446172,Al-Hasa_28_2013,KJ156887,human,2013-06-22,TRUE,b_0_23
24,317,0.061386308396234046,Al-Hasa_2_2013,KF186566,human,2013-04-21,TRUE,b_0_24
25,330,0.05428803073764188,Al-Hasa_3_2013,KF186565,human,2013-04-22,TRUE,b_0_25
26,322,0.058986361156319056,Al-Hasa_4_2013,KF186564,human,2013-05-01,TRUE,b_0_26
27,331,0.07420146509404635,Al-Hasa_7_2013,KF600623,human,2013-05-01,TRUE,b_0_27
28,316,0.09836822322708727,Al-Hasa_8_2013,KF600618,human,2013-05-01,TRUE,b_0_28
29,311,0.5206592161142889,Asir_2_2013,KJ156863,human,2013-08-05,TRUE,b_0_29
30,280,0.5011320281969711,Buraidah_1_2013,KF600630,human,2013-05-13,TRUE,b_0_30
31,546,0.0398202417549165,Camel_Egypt_NRCE-HKU270,,camel,2013-12-30,TRUE,b_0_31
32,546,0.0398202417549165,Camel_Egypt_NRCE-HKU271,,camel,2013-12-30,TRUE,b_0_32
33,360,0.07975968999904037,ChinaGD01,KT036372,human,2015-05-28,TRUE,b_0_33
34,514,0.6304895900642833,D1157/15,KX108944,camel,2015-05-12,TRUE,b_0_34
35,305,0.043438511550191405,D1164.1/14,KX108937,camel,2014-06-02,TRUE,b_0_35
36,396,0.2890375284944049,D1189.1/15,KX108946,camel,2015-05-18,TRUE,b_0_36
37,395,0.335526801270184,D1271/15,KX108945,camel,2015-05-29,TRUE,b_0_37
38,296,0.08807196839348574,D252/15,KX108939,camel,2015-01-30,TRUE,b_0_38
39,295,0.04541710259418652,D2597.2/14,KX108938,camel,2014-12-13,TRUE,b_0_39
40,297,0.17109992031233234,D374/15,KX108940,camel,2015-02-12,TRUE,b_0_40
41,296,0.1291678683931735,D383/15,KX108941,camel,2015-02-14,TRUE,b_0_41
42,297,0.17931910031193576,D389/15,KX108942,camel,2015-02-15,TRUE,b_0_42
43,543,3.525783511362679,D998/15,KX108943,camel,2015-04-23,TRUE,b_0_43
44,547,1.4638496871394562,EMC/2012,JX869059,human,2012-06-13,TRUE,b_0_44
45,545,1.8186626412693692,Egypt_NRCE-NC163/2014,KU740200,camel,2014-12-17,TRUE,b_0_45
46,505,0.4905436825675942,England/1/2012,KC164505,human,2012-09-11,TRUE,b_0_46
47,335,0.020370914148831076,England/2/2013,KM015348,human,2013-02-10,TRUE,b_0_47
48,335,0.02037091414883152,England/3/2013,KM210278,human,2013-02-10,TRUE,b_0_48
49,334,0.03849826865562367,England/4/2013,KM210277,human,2013-02-13,TRUE,b_0_49
50,528,0.11256580397048066,Florida/USA-2_SaudiArabia_2014,KJ829365,human,2014-05-10,TRUE,b_0_50
51,489,1.5335467594878955,Germany3/UAE-Dubai/Abu-Dhabi,,human,2015-03-11,TRUE,b_0_51
52,340,0.09380837521162055,Hafr-Al-Batin_1_2013,KF600628,human,2013-06-04,TRUE,b_0_52
53,486,0.020405873721576206,Hafr-Al-Batin_2_2013,KJ156910,human,2013-08-05,TRUE,b_0_53
54,485,0.17354157624721855,Hafr-Al-Batin_4_2013,KJ156931,human,2013-08-25,TRUE,b_0_54
55,487,0.07098819080705443,Hafr-Al-Batin_5_2013,KJ156951,human,2013-08-25,TRUE,b_0_55
56,488,0.07238385176070405,Hafr-Al-Batin_6_2013,KJ156874,human,2013-08-28,TRUE,b_0_56
57,358,0.054974155683569836,Hufuf-KSA-11002/2015,KT806046,human,2015-05-10,TRUE,b_0_57
58,394,0.1985334347166831,Hufuf-KSA-9158/2015,KT806047,human,2015-03-27,TRUE,b_0_58
59,491,0.05683262642648579,Indiana/USA-1_SaudiArabia_2014,KJ813439,human,2014-04-30,TRUE,b_0_59
60,540,0.06057100359337442,Jeddah-1,KF917527,camel,2013-11-08,TRUE,b_0_60
61,540,0.052351833590960295,Jeddah-1,KF958702,human,2013-11-05,TRUE,b_0_61
62,532,0.04651557540952411,Jeddah-KFH-285TA,,human,2014-06-03,TRUE,b_0_62
63,532,0.06295393540873828,Jeddah-KFH-605TD,,human,2014-06-09,TRUE,b_0_63
64,534,0.008112904671007781,Jeddah-KFH-668TD,,human,2014-06-09,TRUE,b_0_64
65,534,0.02729098467178792,Jeddah-KFH-899NF,,human,2014-06-16,TRUE,b_0_65
66,533,0.05339958117674004,Jeddah-KFH-949NSG1,,human,2014-06-18,TRUE,b_0_66
67,446,0.37865901772311455,Jeddah-KSA-3RS2702/2015,KU851859,human,2015-07-12,TRUE,b_0_67
68,399,0.015099566928137631,Jeddah-KSA-C20843/2015,KT806044,human,2015-02-09,TRUE,b_0_68
69,464,0.146485629775289,Jeddah-KSA-C20860/2015,KT806055,human,2015-02-10,TRUE,b_0_69
70,399,0.050715996928279994,Jeddah-KSA-C21271/2015,KT806045,human,2015-02-22,TRUE,b_0_70
71,470,0.012716283418548358,Jeddah/401/2014,KT368827,camel,2014-09,TRUE,b_0_71
72,468,0.02422654614388453,Jeddah/D100/2014,KT368828,camel,2014-12,TRUE,b_0_72
73,521,0.025689338083002222,Jeddah/D33b/2014,KT368829,camel,2014-12,TRUE,b_0_73
74,521,0.025689338083002222,Jeddah/D34/2014,KT368830,camel,2014-12,TRUE,b_0_74
75,519,0.1272807885713776,Jeddah/D35/2014,KT368831,camel,2014-12,TRUE,b_0_75
76,520,0.03265351090628965,Jeddah/D36/2014,KT368832,camel,2014-12,TRUE,b_0_76
77,402,0.0427912716803035,Jeddah/D38b/2014,KT368833,camel,2014-12,TRUE,b_0_77
78,401,0.06919792637133682,Jeddah/D40/2014,KT368834,camel,2014-12,TRUE,b_0_78
79,432,0.08246759798279235,Jeddah/D42/2014,KT368835,camel,2014-12,TRUE,b_0_79
80,434,0.01460794694382428,Jeddah/D43b/2014,KT368836,camel,2014-12,TRUE,b_0_80
81,431,0.10399076042893052,Jeddah/D45/2014,KT368837,camel,2014-12,TRUE,b_0_81
82,434,0.01460794694382428,Jeddah/D46b/2014,KT368838,camel,2014-12,TRUE,b_0_82
83,429,0.12411437369794154,Jeddah/D47/2014,KT368839,camel,2014-12,TRUE,b_0_83
84,433,0.08184322410243772,Jeddah/D48/2014,KT368840,camel,2014-12,TRUE,b_0_84
85,432,0.08246759798279235,Jeddah/D49/2014,KT368841,camel,2014-12,TRUE,b_0_85
86,433,0.08184322410243772,Jeddah/D50b/2014,KT368842,camel,2014-12,TRUE,b_0_86
87,468,0.02422654614388453,Jeddah/D88/2014,KT368843,camel,2014-12,TRUE,b_0_87
88,467,0.03645392640175704,Jeddah/D90/2014,KT368844,camel,2014-12,TRUE,b_0_88
89,466,0.09058769324530802,Jeddah/D92/2014,KT368845,camel,2014-12,TRUE,b_0_89
90,337,1.3584415847603113,Jeddah/F13A/2014,KT368824,camel,2014-05,TRUE,b_0_90
91,465,0.017426923370173375,Jeddah/Jd175/2015,KT368866,camel,2015-02,TRUE,b_0_91
92,465,0.017426923370173375,Jeddah/Jd199/2015,KT368867,camel,2015-02,TRUE,b_0_92
93,439,0.033446687585548585,Jeddah/Jd1b/2015,KT368858,camel,2015-01,TRUE,b_0_93
94,440,0.026795567666702436,Jeddah/Jd4/2015,KT368859,camel,2015-01,TRUE,b_0_94
95,440,0.026795567666702325,Jeddah/Jd6b/2015,KT368860,camel,2015-01,TRUE,b_0_95
96,438,0.03960720853419586,Jeddah/Jd7/2015,KT368861,camel,2015-01,TRUE,b_0_96
97,442,0.02521715198401464,Jeddah/Jd85/2015,KT368862,camel,2015-01,TRUE,b_0_97
98,442,0.02521715198401442,Jeddah/Jd86/2015,KT368863,camel,2015-01,TRUE,b_0_98
99,443,0.025422990409902257,Jeddah/Jd87/2015,KT368864,camel,2015-01,TRUE,b_0_99
100,443,0.025422990409901924,Jeddah/Jd90/2015,KT368865,camel,2015-01,TRUE,b_0_100
101,436,0.04890725833507603,Jeddah/N51/2014,KT368846,camel,2014-11,TRUE,b_0_101
102,435,0.06604711887932757,Jeddah/N62b/2014,KT368847,camel,2014-11,TRUE,b_0_102
103,436,0.04890725833507592,Jeddah/N68b/2014,KT368848,camel,2014-11,TRUE,b_0_103
104,474,0.04905296734068343,Jeddah/O23b/2014,KT368849,camel,2014-10,TRUE,b_0_104
105,474,0.04905296734068365,Jeddah/O24/2014,KT368850,camel,2014-10,TRUE,b_0_105
106,473,0.0832031123103446,Jeddah/O30/2014,KT368851,camel,2014-10,TRUE,b_0_106
107,459,0.28130837465541925,Jeddah/O47b/2014,KT368852,camel,2014-10,TRUE,b_0_107
108,475,0.06437117227578981,Jeddah/S100/2014,KT368853,camel,2014-09,TRUE,b_0_108
109,475,0.06437117227578981,Jeddah/S73/2014,KT368854,camel,2014-09,TRUE,b_0_109
110,471,0.21074001994747715,Jeddah/S93/2014,KT368855,camel,2014-09,TRUE,b_0_110
111,470,0.012716283418548358,Jeddah/S94/2014,KT368856,camel,2014-09,TRUE,b_0_111
112,469,0.04960800215752137,Jeddah/S99/2014,KT368857,camel,2014-09,TRUE,b_0_112
113,528,0.06051100397021836,Jeddah_C10306/KSA,KM027260,human,2014-04-21,TRUE,b_0_113
114,529,0.007339729312977994,Jeddah_C7149/KSA,KM027255,human,2014-04-05,TRUE,b_0_114
115,525,0.0458136109073255,Jeddah_C7569/KSA,KM027256,human,2014-04-03,TRUE,b_0_115
116,530,0.023355261193216847,Jeddah_C7770/KSA,KM027257,human,2014-04-07,TRUE,b_0_116
117,526,0.06490379884138453,Jeddah_C8826/KSA,KM027258,human,2014-04-12,TRUE,b_0_117
118,527,0.0575407930028089,Jeddah_C9055/KSA,KM027259,human,2014-04-14,TRUE,b_0_118
119,547,1.3026475071425607,Jordan-N3/2012,KC776174,human,2012-04-15,TRUE,b_0_119
120,406,0.08286713239262163,Jordan_10_2015,KU233362,human,2015-09-17,TRUE,b_0_120
121,406,0.08286713239262163,Jordan_1_2015,KU233363,human,2015-09-17,TRUE,b_0_121
122,496,0.04039220080571693,KFMC-10,KT121578,human,2014-05-01,TRUE,b_0_122
123,495,0.03290400444627606,KFMC-1,KT121580,human,2014-04-28,TRUE,b_0_123
124,498,0.03594446037743948,KFMC-2,KT121577,human,2014-05-11,TRUE,b_0_124
125,499,0.034494173523883065,KFMC-3,KT121573,human,2014-05-09,TRUE,b_0_125
126,498,0.038684190377308525,KFMC-4,KT121575,human,2014-05-12,TRUE,b_0_126
127,500,0.033042681442847055,KFMC-5,KT121572,human,2014-05-12,TRUE,b_0_127
128,500,0.049481041444067175,KFMC-6,KT121576,human,2014-05-18,TRUE,b_0_128
129,493,0.04974224686061035,KFMC-7,KT121581,human,2014-05-03,TRUE,b_0_129
130,494,0.04070161833527575,KFMC-8,KT121579,human,2014-04-30,TRUE,b_0_130
131,501,0.07563756373609776,KFMC-9,KT121574,human,2014-05-07,TRUE,b_0_131
132,310,0.04246622709494274,KFU-HKU13,KJ650295,camel,2013-12-30,TRUE,b_0_132
133,310,0.04246622709494274,KFU-HKU19Dam,KJ650296,camel,2013-12-30,TRUE,b_0_133
134,309,0.026489321156318635,KFU-HKU1,KJ650297,camel,2013-11-30,TRUE,b_0_134
135,371,0.05473275150693474,KOR/CNUH_SNU/016_06_2015,KT868865,human,2015-06-11,TRUE,b_0_135
136,374,0.04381214671103084,KOR/CNUH_SNU/023_06_2015,KT868866,human,2015-06-11,TRUE,b_0_136
137,372,0.045406741294067965,KOR/CNUH_SNU/024_06_2015,KT868867,human,2015-06-08,TRUE,b_0_137
138,373,0.042177659611229545,KOR/CNUH_SNU/030_06_2015,KT868868,human,2015-06-08,TRUE,b_0_138
139,375,0.03464057960068595,KOR/CNUH_SNU/031_06_2015,KT868869,human,2015-06-11,TRUE,b_0_139
140,359,0.11940299968458207,KOR/CNUH_SNU/038_06_2015,KT868870,human,2015-06-10,TRUE,b_0_140
141,377,0.058970758008557556,KOR/CNUH_SNU/054_06_2015,KT868871,human,2015-06-09,TRUE,b_0_141
142,376,0.005492752595670836,KOR/CNUH_SNU/082_06_2015,KT868872,human,2015-06-10,TRUE,b_0_142
143,370,0.05291989179433165,KOR/CNUH_SNU/085_06_2015,KT868873,human,2015-06-10,TRUE,b_0_143
144,380,0.022721641972248185,KOR/CNUH_SNU/110_06_2015,KT868874,human,2015-06-11,TRUE,b_0_144
145,364,0.01678030364972416,KOR/CNUH_SNU/122_06_2015,KT868875,human,2015-06-10,TRUE,b_0_145
146,376,0.005492752595670836,KOR/CNUH_SNU/148_06_2015,KT868876,human,2015-06-10,TRUE,b_0_146
147,375,0.06477756960063788,KOR/CNUH_SNU/172_06_2015,KT868877,human,2015-06-22,TRUE,b_0_147
148,366,0.08616870357025985,KOR/KNIH/002_05_2015,KT029139,human,2015-05-20,TRUE,b_0_148
149,377,0.031573498008455325,KOR/Seoul/014-2015,KX034093,human,2015-05-30,TRUE,b_0_149
150,364,0.01952003364976118,KOR/Seoul/050-1-2015,KX034094,human,2015-06-11,TRUE,b_0_150
151,362,0.01600242888416964,KOR/Seoul/066-2015,KX034095,human,2015-06-04,TRUE,b_0_151
152,381,0.030943097376779027,KOR/Seoul/077-2-2015,KX034096,human,2015-06-17,TRUE,b_0_152
153,365,0.037763376074936406,KOR/Seoul/080-3-2015,KX034097,human,2015-06-17,TRUE,b_0_153
154,382,0.03917113090076477,KOR/Seoul/162-1-2015,KX034098,human,2015-06-22,TRUE,b_0_154
155,383,0.04481886317471956,KOR/Seoul/169-2015,KX034099,human,2015-06-26,TRUE,b_0_155
156,383,0.06399694317477345,KOR/Seoul/177-3-2015,KX034100,human,2015-07-03,TRUE,b_0_156
157,378,0.01814235911494433,KOREA/Seoul/014-1-2015,KT374052,human,2015-05-31,TRUE,b_0_157
158,384,0.0046442653143589085,KOREA/Seoul/035-1-2015,KT374054,human,2015-06-03,TRUE,b_0_158
159,361,0.12396364467909476,KOREA/Seoul/163-1-2015,KT374051,human,2015-06-19,TRUE,b_0_159
160,365,0.04872227607516921,KOREA/Seoul/168-1-2015,KT374056,human,2015-06-21,TRUE,b_0_160
161,507,0.7661526158037077,KSA-363,KJ713298,camel,2013-11,TRUE,b_0_161
162,311,0.8001112761151137,KSA-376,KJ713299,camel,2013-11,TRUE,b_0_162
163,511,0.13969267687839215,KSA-378,KJ713296,camel,2013-11,TRUE,b_0_163
164,508,0.5008919591463195,KSA-503,KJ713297,camel,2013-11,TRUE,b_0_164
165,512,0.06930898983686884,KSA-505,KJ713295,camel,2013-11,TRUE,b_0_165
166,391,0.28159970431539394,Kharj-KSA-2598/2015,KT806053,human,2015-02-02,TRUE,b_0_166
167,390,0.2901012098333119,Kharj-KSA-2599/2015,KT806052,human,2015-02-02,TRUE,b_0_167
168,349,0.7744086758589912,Khobar-KSA-6736/2015,KT806048,human,2015-02-07,TRUE,b_0_168
169,384,0.018342895314634067,Korea/Seoul/SNU1-035/2015,KU308549,human,2015-06-08,TRUE,b_0_169
170,481,0.08364669031899119,Madinah_3b_2013,KJ156916,human,2013-09-11,TRUE,b_0_170
171,529,0.03473698931469915,Makkah_C9355/KSA/Makkah,KM027261,human,2014-04-15,TRUE,b_0_171
172,504,1.2072906451469327,Munich/AbuDhabi/2013,KF192507,human,2013-03-22,TRUE,b_0_172
173,544,0.7812799261065873,NRCE-HKU205,KJ477102,camel,2013-11-15,TRUE,b_0_173
174,398,0.07404059152068954,Najran-KSA-C20915/2015,KT806054,human,2015-02-13,TRUE,b_0_174
175,303,0.09703454017551216,Oman_2285_2013,KT156560,human,2013-10-28,TRUE,b_0_175
176,308,0.25469561166531385,Oman_2874_2013,KT156561,human,2013-12-28,TRUE,b_0_176
177,484,0.030268722466005427,Qatar3,KF961221,human,2013-10-13,TRUE,b_0_177
178,484,0.04122762246508649,Qatar4,KF961222,human,2013-10-17,TRUE,b_0_178
179,522,0.135439360628975,Qatar_2_2014,KJ650098,camel,2014-02-16,TRUE,b_0_179
180,476,0.007337302019211567,Riyadh-KKUH-104,,human,2014-04-25,TRUE,b_0_180
181,476,0.007337302019211567,Riyadh-KKUH-105,,human,2014-04-25,TRUE,b_0_181
182,503,0.021166052790597467,Riyadh-KKUH-291,,human,2014-05-06,TRUE,b_0_182
183,503,0.04034414279088194,Riyadh-KKUH-368,,human,2014-05-13,TRUE,b_0_183
184,477,0.024138722121200384,Riyadh-KKUH-643,,human,2014-11-02,TRUE,b_0_184
185,477,0.07071406212067244,Riyadh-KKUH-665,,human,2014-11-19,TRUE,b_0_185
186,502,0.007865372463380815,Riyadh-KKUH-90b,,human,2014-04-24,TRUE,b_0_186
187,386,0.6006917140009753,Riyadh-KSA-16077/2015,KU851863,human,2015-08-27,TRUE,b_0_187
188,407,0.06214971862696621,Riyadh-KSA-16098/2015,KU851864,human,2015-08-24,TRUE,b_0_188
189,408,0.01782389407766599,Riyadh-KSA-16117/2015,KU851862,human,2015-08-24,TRUE,b_0_189
190,408,0.01782389407766599,Riyadh-KSA-16120/2015,KU851861,human,2015-08-24,TRUE,b_0_190
191,405,0.14355342833758114,Riyadh-KSA-16121/2015,KU851860,human,2015-08-24,TRUE,b_0_191
192,515,0.018152900480822187,Riyadh-KSA-2049/2015,KR011266,human,2015-01-06,TRUE,b_0_192
193,517,0.024825111889923646,Riyadh-KSA-2343/2015,KR011264,human,2015-01-21,TRUE,b_0_193
194,517,0.024825111889923646,Riyadh-KSA-2345/2015,KR011263,human,2015-01-21,TRUE,b_0_194
195,516,0.046550627116744736,Riyadh-KSA-2466/2015,KR011265,human,2015-01-26,TRUE,b_0_195
196,348,0.782116153607947,Riyadh-KSA-2716/2015,KT806051,human,2015-02-05,TRUE,b_0_196
197,392,0.28979979620140617,Riyadh-KSA-3065/2015,KT806050,human,2015-02-12,TRUE,b_0_197
198,409,0.17159932549729173,Riyadh-KSA-3181/2015,KT806049,human,2015-02-15,TRUE,b_0_198
199,388,0.04007161918373092,Riyadh/Ry136/2015,KT368868,camel,2015-03,TRUE,b_0_199
200,455,0.06353084268465736,Riyadh/Ry137/2015,KT368869,camel,2015-03,TRUE,b_0_200
201,356,0.04972188311611536,Riyadh/Ry159b/2015,KT368870,camel,2015-03,TRUE,b_0_201
202,386,0.14863692400074258,Riyadh/Ry162/2015,KT368871,camel,2015-03,TRUE,b_0_202
203,453,0.0869569229123861,Riyadh/Ry173/2015,KT368872,camel,2015-03,TRUE,b_0_203
204,454,0.07061738389317951,Riyadh/Ry177/2015,KT368873,camel,2015-03,TRUE,b_0_204
205,454,0.07061738389317962,Riyadh/Ry178/2015,KT368874,camel,2015-03,TRUE,b_0_205
206,518,0.7502524930226585,Riyadh/Ry179/2015,KT368875,camel,2015-03,TRUE,b_0_206
207,457,0.357900080501655,Riyadh/Ry23N/2014,KT368825,camel,2014-07,TRUE,b_0_207
208,389,0.010837240855034458,Riyadh/Ry63/2015,KT368876,camel,2015-03,TRUE,b_0_208
209,389,0.010837240855034458,Riyadh/Ry64/2015,KT368877,camel,2015-03,TRUE,b_0_209
210,397,0.18509557991131076,Riyadh/Ry79/2015,KT368878,camel,2015-03,TRUE,b_0_210
211,351,0.09323483553386391,Riyadh/Ry84N/2014,KT368826,camel,2014-07,TRUE,b_0_211
212,455,0.06353084268465736,Riyadh/Ry86/2015,KT368879,camel,2015-03,TRUE,b_0_212
213,482,0.04649964423327191,Riyadh_10_2013,KJ156891,human,2013-09-05,TRUE,b_0_213
214,483,0.06698633187630065,Riyadh_11_2013,KJ156946,human,2013-08-06,TRUE,b_0_214
215,488,0.01758933175966737,Riyadh_12_2013,KJ156926,human,2013-08-08,TRUE,b_0_215
216,479,0.03322990350023858,Riyadh_13_2013,KJ156888,human,2013-08-13,TRUE,b_0_216
217,479,0.0387093534985139,Riyadh_14_2013,KJ156934,human,2013-08-15,TRUE,b_0_217
218,482,0.01910238423462296,Riyadh_17_2013,KJ156918,human,2013-08-26,TRUE,b_0_218
219,277,0.6284770923205918,Riyadh_1_2012,KF600612,human,2012-10-23,TRUE,b_0_219
220,509,0.9808443144085588,Riyadh_2014KSA_158/KSA/2014,KM027281,human,2014-05-20,TRUE,b_0_220
221,491,0.03491481642783145,Riyadh_2014KSA_683/KSA/2014,KM027262,human,2014-04-22,TRUE,b_0_221
222,312,0.11053847102739711,Riyadh_2_2012,KF600652,human,2012-10-30,TRUE,b_0_222
223,536,0.286019048148654,Riyadh_3_2013,KF600613,human,2013-02-05,TRUE,b_0_223
224,535,0.5386679515437942,Riyadh_4_2013,KJ156952,human,2013-03-01,TRUE,b_0_224
225,538,0.45117212011633434,Riyadh_5_2013,KJ156944,human,2013-07-02,TRUE,b_0_225
226,339,0.24450569934308852,Riyadh_6_2013,KJ156879,human,2013-07-02,TRUE,b_0_226
227,478,0.06743899205262238,Riyadh_7_2013,KJ156937,human,2013-07-15,TRUE,b_0_227
228,483,0.012191811876076208,Riyadh_8_2013,KJ156880,human,2013-07-17,TRUE,b_0_228
229,314,0.6185269379200817,Riyadh_9_2013,KJ156869,human,2013-07-17,TRUE,b_0_229
230,412,0.035061912656945915,Riyadh_KKUH_0734,,human,2015-02-18,TRUE,b_0_230
231,425,0.05764870439662295,Riyadh_KKUH_0755,,human,2015-02-23,TRUE,b_0_231
232,424,0.06042821129046816,Riyadh_KKUH_0756,,human,2015-02-23,TRUE,b_0_232
233,416,0.017549546750372347,Riyadh_KKUH_0780,,human,2015-02-25,TRUE,b_0_233
234,418,0.010079543006518143,Riyadh_KKUH_0801,,human,2015-02-27,TRUE,b_0_234
235,421,0.04813464641224152,Riyadh_KKUH_0818,,human,2015-02-28,TRUE,b_0_235
236,423,0.018108219400091996,Riyadh_KKUH_0826,,human,2015-02-28,TRUE,b_0_236
237,419,0.014336413726189434,Riyadh_KKUH_0939,,human,2015-03-02,TRUE,b_0_237
238,422,0.027869813874039306,Riyadh_KKUH_0944,,human,2015-03-02,TRUE,b_0_238
239,420,0.021548597837236172,Riyadh_KKUH_1066,,human,2015-03-03,TRUE,b_0_239
240,410,0.14237442517125998,Riyadh_KKUH_1080,,human,2015-03-03,TRUE,b_0_240
241,420,0.02428831783751073,Riyadh_KKUH_1145,,human,2015-03-04,TRUE,b_0_241
242,417,0.024989199187212763,Riyadh_KKUH_1217,,human,2015-03-04,TRUE,b_0_242
243,414,0.049736548272567904,Riyadh_KKUH_1461,,human,2015-03-08,TRUE,b_0_243
244,423,0.040026029399997665,Riyadh_KKUH_1470,,human,2015-03-08,TRUE,b_0_244
245,419,0.03351449372692605,Riyadh_KKUH_1522,,human,2015-03-09,TRUE,b_0_245
246,425,0.02203226439669792,Riyadh_KSA_2959_2015,KT026453,human,2015-02-10,TRUE,b_0_246
247,387,0.09217577405787492,Riyadh_KSA_4050_2015,KT026454,human,2015-03-01,TRUE,b_0_247
248,396,0.37122930849429736,THA/CU/17_06_2015,KT225476,human,2015-06-17,TRUE,b_0_248
249,463,0.26792876273037713,Taif/KSA-7032/2014,KU710264,human,2014-11-04,TRUE,b_0_249
250,402,0.28936661167992894,Taif/T150/2015,KT368889,camel,2015-03,TRUE,b_0_250
251,462,0.6425755191066392,Taif/T157b/2015,KT368890,camel,2015-03,TRUE,b_0_251
252,449,0.0239369931654293,Taif/T16/2015,KT368882,camel,2015-04,TRUE,b_0_252
253,449,0.023936993165429243,Taif/T22/2015,KT368883,camel,2015-04,TRUE,b_0_253
254,450,0.009599287429926384,Taif/T3/2015,KT368880,camel,2015-04,TRUE,b_0_254
255,451,0.05628003015195504,Taif/T68/2015,KT368884,camel,2015-04,TRUE,b_0_255
256,450,0.009599287429926384,Taif/T7/2015,KT368881,camel,2015-04,TRUE,b_0_256
257,452,0.04406187053159649,Taif/T89/2015,KT368885,camel,2015-04,TRUE,b_0_257
258,452,0.04406187053159605,Taif/T91b/2015,KT368886,camel,2015-04,TRUE,b_0_258
259,346,1.3279549960429882,Taif/T92/2015,KT368887,camel,2015-04,TRUE,b_0_259
260,347,1.1079431143853347,Taif/T98/2015,KT368888,camel,2015-04,TRUE,b_0_260
261,541,0.03982262809184922,Taif_1_2013,KJ156949,human,2013-06-12,TRUE,b_0_261
262,283,0.25026350216185067,Taif_2_2013,KJ156896,human,2013-06-12,TRUE,b_0_262
263,541,0.042562348090448676,Taif_3_2013,KJ156938,human,2013-06-13,TRUE,b_0_263
264,282,0.16957424124203602,UAE-FRA1_1627-2013_BAL,KJ361500,human,2013-04-26,TRUE,b_0_264
265,306,0.13543000993791487,UAE/D1164.10/2014,KP719928,camel,2014-06,TRUE,b_0_265
266,305,0.07905494155180093,UAE/D1164.11/2014,KP719929,camel,2014-06,TRUE,b_0_266
267,307,0.12138262860952431,UAE/D1164.14/2014,KP719930,camel,2014-06,TRUE,b_0_267
268,307,0.12138262860952409,UAE/D1164.9/2014,KP719927,camel,2014-06,TRUE,b_0_268
269,293,0.15289024012794372,UAE/D1209/2014,KP719933,camel,2014-06,TRUE,b_0_269
270,300,0.06371719834806955,UAE/D1243.12/2014,KP719932,camel,2014-06,TRUE,b_0_270
271,300,0.06371719834806955,UAE/D1339.2/2014,KP719931,camel,2014-06,TRUE,b_0_271
272,298,0.07745414432858366,UAE/D469-14,KU242424,camel,2014-03-04,TRUE,b_0_272
273,299,0.05734227792450097,UAE/D511-14,KU242423,camel,2014-03-12,TRUE,b_0_273
274,537,0.4387408918151281,Wadi-Ad-Dawasir_1_2013,KJ156881,human,2013-06-12,TRUE,b_0_274
275,275,0,NA,NA,NA,NA,FALSE,g_0_275
276,275,1.7120660480289822,NA,NA,NA,NA,FALSE,g_0_276
277,276,0.4099029008025892,NA,NA,NA,NA,FALSE,g_0_277
278,277,0.30021255452424844,NA,NA,NA,NA,FALSE,g_0_278
279,278,0.1308476120688833,NA,NA,NA,NA,FALSE,g_0_279
280,279,0.2491855675272272,NA,NA,NA,NA,FALSE,g_0_280
281,280,0.1609332569084203,NA,NA,NA,NA,FALSE,g_0_281
282,281,0.1240491800476069,NA,NA,NA,NA,FALSE,g_0_282
283,282,0.048077869082203684,NA,NA,NA,NA,FALSE,g_0_283
284,283,0.20738996803901877,NA,NA,NA,NA,FALSE,g_0_284
285,284,0.3698740161096865,NA,NA,NA,NA,FALSE,g_0_285
286,285,0.11473125935117356,NA,NA,NA,NA,FALSE,g_0_286
287,286,0.18618025514092618,NA,NA,NA,NA,FALSE,g_0_287
288,287,0.1317939090738307,NA,NA,NA,NA,FALSE,g_0_288
289,288,0.03135474487320988,NA,NA,NA,NA,FALSE,g_0_289
290,289,0.0037526113890014035,NA,NA,NA,NA,FALSE,g_0_290
291,290,0.014345354285449474,NA,NA,NA,NA,FALSE,g_0_291
292,291,0.019430705407431637,NA,NA,NA,NA,FALSE,g_0_292
293,286,0.41359718853327454,NA,NA,NA,NA,FALSE,g_0_293
294,293,0.5236418155379273,NA,NA,NA,NA,FALSE,g_0_294
295,294,0.0797217419952988,NA,NA,NA,NA,FALSE,g_0_295
296,295,0.0888519742008611,NA,NA,NA,NA,FALSE,g_0_296
297,294,0.1211622042773075,NA,NA,NA,NA,FALSE,g_0_297
298,285,0.3215727636820498,NA,NA,NA,NA,FALSE,g_0_298
299,298,0.04202967640506272,NA,NA,NA,NA,FALSE,g_0_299
300,299,0.25389904957720977,NA,NA,NA,NA,FALSE,g_0_300
301,284,0.19475569983000485,NA,NA,NA,NA,FALSE,g_0_301
302,301,0.10383719048155937,NA,NA,NA,NA,FALSE,g_0_302
303,302,0.025328293635458188,NA,NA,NA,NA,FALSE,g_0_303
304,302,0.5800968883908071,NA,NA,NA,NA,FALSE,g_0_304
305,304,0.09334798386790588,NA,NA,NA,NA,FALSE,g_0_305
306,304,0.03697291548179216,NA,NA,NA,NA,FALSE,g_0_306
307,306,0.014047381328390562,NA,NA,NA,NA,FALSE,g_0_307
308,301,0.13862770262601298,NA,NA,NA,NA,FALSE,g_0_308
309,308,0.15149396050776232,NA,NA,NA,NA,FALSE,g_0_309
310,309,0.0662148740636419,NA,NA,NA,NA,FALSE,g_0_310
311,281,0.049676535176061076,NA,NA,NA,NA,FALSE,g_0_311
312,279,0.10600413469953063,NA,NA,NA,NA,FALSE,g_0_312
313,312,0.08073967028714923,NA,NA,NA,NA,FALSE,g_0_313
314,313,0.12312904281904968,NA,NA,NA,NA,FALSE,g_0_314
315,314,0.16315515585532125,NA,NA,NA,NA,FALSE,g_0_315
316,315,0.14604464883762835,NA,NA,NA,NA,FALSE,g_0_316
317,316,0.009584654832429873,NA,NA,NA,NA,FALSE,g_0_317
318,317,0.002667631075771837,NA,NA,NA,NA,FALSE,g_0_318
319,318,0.005937675262718045,NA,NA,NA,NA,FALSE,g_0_319
320,319,0.0033390256666097073,NA,NA,NA,NA,FALSE,g_0_320
321,320,7.623359712880529e-4,NA,NA,NA,NA,FALSE,g_0_321
322,321,0.0170905392619507,NA,NA,NA,NA,FALSE,g_0_322
323,321,0.01358735495548613,NA,NA,NA,NA,FALSE,g_0_323
324,323,0.012052944906988383,NA,NA,NA,NA,FALSE,g_0_324
325,324,0.05543831462428184,NA,NA,NA,NA,FALSE,g_0_325
326,325,0.041588245386935174,NA,NA,NA,NA,FALSE,g_0_326
327,326,0.0017092974600281252,NA,NA,NA,NA,FALSE,g_0_327
328,327,0.05966664551767353,NA,NA,NA,NA,FALSE,g_0_328
329,323,0.05457161270703281,NA,NA,NA,NA,FALSE,g_0_329
330,318,0.007170376582849247,NA,NA,NA,NA,FALSE,g_0_330
331,330,0.004744095641989965,NA,NA,NA,NA,FALSE,g_0_331
332,331,0.0061514276765781695,NA,NA,NA,NA,FALSE,g_0_332
333,332,0.022667023973265366,NA,NA,NA,NA,FALSE,g_0_333
334,313,0.2812399020817473,NA,NA,NA,NA,FALSE,g_0_334
335,334,0.009908174507625045,NA,NA,NA,NA,FALSE,g_0_335
336,278,0.34490222541259463,NA,NA,NA,NA,FALSE,g_0_336
337,336,0.18330084762178656,NA,NA,NA,NA,FALSE,g_0_337
338,337,0.134156883003409,NA,NA,NA,NA,FALSE,g_0_338
339,338,0.11128585241227196,NA,NA,NA,NA,FALSE,g_0_339
340,339,0.0739849941327777,NA,NA,NA,NA,FALSE,g_0_340
341,340,0.037055202081268224,NA,NA,NA,NA,FALSE,g_0_341
342,341,0.0367920431446187,NA,NA,NA,NA,FALSE,g_0_342
343,342,0.03454316158074722,NA,NA,NA,NA,FALSE,g_0_343
344,343,0.20591279485337433,NA,NA,NA,NA,FALSE,g_0_344
345,344,0.14558132975548888,NA,NA,NA,NA,FALSE,g_0_345
346,345,0.1689825477530662,NA,NA,NA,NA,FALSE,g_0_346
347,346,0.22001188165765306,NA,NA,NA,NA,FALSE,g_0_347
348,347,0.1367858607772432,NA,NA,NA,NA,FALSE,g_0_348
349,348,0.01318692774914676,NA,NA,NA,NA,FALSE,g_0_349
350,349,0.08717403704710058,NA,NA,NA,NA,FALSE,g_0_350
351,350,0.026876523277958864,NA,NA,NA,NA,FALSE,g_0_351
352,351,0.12126116305224288,NA,NA,NA,NA,FALSE,g_0_352
353,352,0.04559453907825506,NA,NA,NA,NA,FALSE,g_0_353
354,353,0.17739303993849742,NA,NA,NA,NA,FALSE,g_0_354
355,354,0.03666505071707882,NA,NA,NA,NA,FALSE,g_0_355
356,355,0.32835257963162123,NA,NA,NA,NA,FALSE,g_0_356
357,356,0.13443706037719666,NA,NA,NA,NA,FALSE,g_0_357
358,357,0.013735327055431457,NA,NA,NA,NA,FALSE,g_0_358
359,358,0.02050265599919565,NA,NA,NA,NA,FALSE,g_0_359
360,359,0.004026879685558926,NA,NA,NA,NA,FALSE,g_0_360
361,360,0.016070015319829933,NA,NA,NA,NA,FALSE,g_0_361
362,361,0.06686532579482829,NA,NA,NA,NA,FALSE,g_0_362
363,362,0.0061595446911281715,NA,NA,NA,NA,FALSE,g_0_363
364,363,0.009500930543511477,NA,NA,NA,NA,FALSE,g_0_364
365,363,0.007695948118129958,NA,NA,NA,NA,FALSE,g_0_365
366,357,0.009938039169096247,NA,NA,NA,NA,FALSE,g_0_366
367,366,0.06838905794407896,NA,NA,NA,NA,FALSE,g_0_367
368,367,0.007307483681638749,NA,NA,NA,NA,FALSE,g_0_368
369,368,0.011352176670087477,NA,NA,NA,NA,FALSE,g_0_369
370,369,0.003734333479974483,NA,NA,NA,NA,FALSE,g_0_370
371,370,9.268702874345447e-4,NA,NA,NA,NA,FALSE,g_0_371
372,371,0.0011068302128806606,NA,NA,NA,NA,FALSE,g_0_372
373,372,0.0032290816828384195,NA,NA,NA,NA,FALSE,g_0_373
374,373,0.006584692900184097,NA,NA,NA,NA,FALSE,g_0_374
375,374,0.009171567110345225,NA,NA,NA,NA,FALSE,g_0_375
376,369,0.051161472678635356,NA,NA,NA,NA,FALSE,g_0_376
377,368,0.006295923935917824,NA,NA,NA,NA,FALSE,g_0_377
378,367,0.02977426651115278,NA,NA,NA,NA,FALSE,g_0_378
379,378,0.0013762389830662691,NA,NA,NA,NA,FALSE,g_0_379
380,379,0.02418146815960215,NA,NA,NA,NA,FALSE,g_0_380
381,380,0.00821690459526453,NA,NA,NA,NA,FALSE,g_0_381
382,381,0.0054705964761699866,NA,NA,NA,NA,FALSE,g_0_382
383,382,0.005311167726049504,NA,NA,NA,NA,FALSE,g_0_383
384,379,0.020341034817230763,NA,NA,NA,NA,FALSE,g_0_384
385,355,0.1702301722461098,NA,NA,NA,NA,FALSE,g_0_385
386,385,0.059207366500884206,NA,NA,NA,NA,FALSE,g_0_386
387,385,0.0773123564440985,NA,NA,NA,NA,FALSE,g_0_387
388,387,0.0904603148737968,NA,NA,NA,NA,FALSE,g_0_388
389,388,0.02923437832869602,NA,NA,NA,NA,FALSE,g_0_389
390,354,0.01230953363183973,NA,NA,NA,NA,FALSE,g_0_390
391,390,0.008501505517917951,NA,NA,NA,NA,FALSE,g_0_391
392,391,0.019197168114395646,NA,NA,NA,NA,FALSE,g_0_392
393,392,0.09689879674681134,NA,NA,NA,NA,FALSE,g_0_393
394,393,0.11217578473717615,NA,NA,NA,NA,FALSE,g_0_394
395,394,0.03560937344672488,NA,NA,NA,NA,FALSE,g_0_395
396,395,0.01635229277577066,NA,NA,NA,NA,FALSE,g_0_396
397,393,0.09273692954254054,NA,NA,NA,NA,FALSE,g_0_397
398,397,0.028863208391048945,NA,NA,NA,NA,FALSE,g_0_398
399,398,0.04798212459231188,NA,NA,NA,NA,FALSE,g_0_399
400,353,0.1536209857778904,NA,NA,NA,NA,FALSE,g_0_400
401,400,0.1227383012544625,NA,NA,NA,NA,FALSE,g_0_401
402,401,0.026406654691033316,NA,NA,NA,NA,FALSE,g_0_402
403,400,0.04208341192433174,NA,NA,NA,NA,FALSE,g_0_403
404,403,0.672049732326402,NA,NA,NA,NA,FALSE,g_0_404
405,404,0.024660615037278205,NA,NA,NA,NA,FALSE,g_0_405
406,405,0.1264397159451387,NA,NA,NA,NA,FALSE,g_0_406
407,404,0.10606432474789029,NA,NA,NA,NA,FALSE,g_0_407
408,407,0.04432582454929816,NA,NA,NA,NA,FALSE,g_0_408
409,403,0.14811650020414768,NA,NA,NA,NA,FALSE,g_0_409
410,409,0.07306052032568033,NA,NA,NA,NA,FALSE,g_0_410
411,410,0.05095667321006914,NA,NA,NA,NA,FALSE,g_0_411
412,411,0.020739399304210315,NA,NA,NA,NA,FALSE,g_0_412
413,412,0.011187960179678602,NA,NA,NA,NA,FALSE,g_0_413
414,413,0.023452474205003626,NA,NA,NA,NA,FALSE,g_0_414
415,414,6.448434087740207e-4,NA,NA,NA,NA,FALSE,g_0_415
416,415,0.0014051681135152094,NA,NA,NA,NA,FALSE,g_0_416
417,416,0.011738427563065645,NA,NA,NA,NA,FALSE,g_0_417
418,417,0.0012110261807589673,NA,NA,NA,NA,FALSE,g_0_418
419,418,0.003962309279960552,NA,NA,NA,NA,FALSE,g_0_419
420,415,0.013844477026285662,NA,NA,NA,NA,FALSE,g_0_420
421,413,0.00313656606542434,NA,NA,NA,NA,FALSE,g_0_421
422,421,0.02574428253780381,NA,NA,NA,NA,FALSE,g_0_422
423,422,0.004282144474345717,NA,NA,NA,NA,FALSE,g_0_423
424,411,0.009071730671077138,NA,NA,NA,NA,FALSE,g_0_424
425,424,0.002779506893844652,NA,NA,NA,NA,FALSE,g_0_425
426,352,0.2301300805773655,NA,NA,NA,NA,FALSE,g_0_426
427,426,0.0034179247638893573,NA,NA,NA,NA,FALSE,g_0_427
428,427,0.018435170630430653,NA,NA,NA,NA,FALSE,g_0_428
429,428,0.01505420281231773,NA,NA,NA,NA,FALSE,g_0_429
430,429,0.004122398142518691,NA,NA,NA,NA,FALSE,g_0_430
431,430,0.01600121512649233,NA,NA,NA,NA,FALSE,g_0_431
432,431,0.021523162446138167,NA,NA,NA,NA,FALSE,g_0_432
433,430,0.03814875145298513,NA,NA,NA,NA,FALSE,g_0_433
434,428,0.12456062956643499,NA,NA,NA,NA,FALSE,g_0_434
435,427,0.009364848261837588,NA,NA,NA,NA,FALSE,g_0_435
436,435,0.01713986054425154,NA,NA,NA,NA,FALSE,g_0_436
437,426,0.16402881872278774,NA,NA,NA,NA,FALSE,g_0_437
438,437,0.04231714464776748,NA,NA,NA,NA,FALSE,g_0_438
439,438,0.0061605209486472745,NA,NA,NA,NA,FALSE,g_0_439
440,439,0.006651119918846038,NA,NA,NA,NA,FALSE,g_0_440
441,437,0.0478914318750977,NA,NA,NA,NA,FALSE,g_0_441
442,441,0.008815769322851441,NA,NA,NA,NA,FALSE,g_0_442
443,441,0.008609930896963713,NA,NA,NA,NA,FALSE,g_0_443
444,350,0.3234889154068358,NA,NA,NA,NA,FALSE,g_0_444
445,444,0.23011829114133875,NA,NA,NA,NA,FALSE,g_0_445
446,445,0.17962595454062769,NA,NA,NA,NA,FALSE,g_0_446
447,446,0.047514259933463254,NA,NA,NA,NA,FALSE,g_0_447
448,447,0.051551608629467616,NA,NA,NA,NA,FALSE,g_0_448
449,448,0.014560265994684296,NA,NA,NA,NA,FALSE,g_0_449
450,448,0.028897971730187266,NA,NA,NA,NA,FALSE,g_0_450
451,447,0.03376883763762567,NA,NA,NA,NA,FALSE,g_0_451
452,451,0.01221815962035916,NA,NA,NA,NA,FALSE,g_0_452
453,445,0.14530064935120923,NA,NA,NA,NA,FALSE,g_0_453
454,453,0.016339539019206484,NA,NA,NA,NA,FALSE,g_0_454
455,444,0.39884502072027705,NA,NA,NA,NA,FALSE,g_0_455
456,345,0.2530586138933848,NA,NA,NA,NA,FALSE,g_0_456
457,456,0.1352939194009828,NA,NA,NA,NA,FALSE,g_0_457
458,457,0.20360453319150063,NA,NA,NA,NA,FALSE,g_0_458
459,458,0.12504196265452672,NA,NA,NA,NA,FALSE,g_0_459
460,459,0.0024360389244768577,NA,NA,NA,NA,FALSE,g_0_460
461,460,0.032395021689654246,NA,NA,NA,NA,FALSE,g_0_461
462,461,0.01760042493481273,NA,NA,NA,NA,FALSE,g_0_462
463,462,0.015742646376882607,NA,NA,NA,NA,FALSE,g_0_463
464,463,0.389936282954897,NA,NA,NA,NA,FALSE,g_0_464
465,464,0.1427573364050364,NA,NA,NA,NA,FALSE,g_0_465
466,461,0.3230129107965223,NA,NA,NA,NA,FALSE,g_0_466
467,466,0.05413376684355098,NA,NA,NA,NA,FALSE,g_0_467
468,467,0.012227380257872511,NA,NA,NA,NA,FALSE,g_0_468
469,460,0.14707255357402604,NA,NA,NA,NA,FALSE,g_0_469
470,469,0.036891718738972124,NA,NA,NA,NA,FALSE,g_0_470
471,458,0.11341853736307583,NA,NA,NA,NA,FALSE,g_0_471
472,471,0.10799798728496257,NA,NA,NA,NA,FALSE,g_0_472
473,472,0.10173070035156306,NA,NA,NA,NA,FALSE,g_0_473
474,473,0.034150144969660956,NA,NA,NA,NA,FALSE,g_0_474
475,472,0.03837086038672166,NA,NA,NA,NA,FALSE,g_0_475
476,456,0.2639388878828466,NA,NA,NA,NA,FALSE,g_0_476
477,344,1.1690650814311478,NA,NA,NA,NA,FALSE,g_0_477
478,343,0.03030774635108946,NA,NA,NA,NA,FALSE,g_0_478
479,478,0.11366113855524729,NA,NA,NA,NA,FALSE,g_0_479
480,342,0.10564473843187727,NA,NA,NA,NA,FALSE,g_0_480
481,480,0.10190257123556679,NA,NA,NA,NA,FALSE,g_0_481
482,481,0.020708696085241396,NA,NA,NA,NA,FALSE,g_0_482
483,480,0.019932799678014312,NA,NA,NA,NA,FALSE,g_0_483
484,341,0.38538856066457794,NA,NA,NA,NA,FALSE,g_0_484
485,338,0.3301951755109984,NA,NA,NA,NA,FALSE,g_0_485
486,485,0.09834118252451596,NA,NA,NA,NA,FALSE,g_0_486
487,486,0.004212202915648167,NA,NA,NA,NA,FALSE,g_0_487
488,487,0.006823519044572457,NA,NA,NA,NA,FALSE,g_0_488
489,336,0.830113482894197,NA,NA,NA,NA,FALSE,g_0_489
490,489,0.5485859378662583,NA,NA,NA,NA,FALSE,g_0_490
491,490,0.0651144951944218,NA,NA,NA,NA,FALSE,g_0_491
492,490,0.05567645290077894,NA,NA,NA,NA,FALSE,g_0_492
493,492,0.02474760186025282,NA,NA,NA,NA,FALSE,g_0_493
494,493,8.214485245956471e-4,NA,NA,NA,NA,FALSE,g_0_494
495,494,0.002318163890618674,NA,NA,NA,NA,FALSE,g_0_495
496,495,7.309736396368116e-4,NA,NA,NA,NA,FALSE,g_0_496
497,496,0.020375247511188244,NA,NA,NA,NA,FALSE,g_0_497
498,497,0.011469752916554388,NA,NA,NA,NA,FALSE,g_0_498
499,497,0.007440589771506856,NA,NA,NA,NA,FALSE,g_0_499
500,499,0.009670672079510556,NA,NA,NA,NA,FALSE,g_0_500
501,492,0.009811184983846921,NA,NA,NA,NA,FALSE,g_0_501
502,501,0.032155751272690436,NA,NA,NA,NA,FALSE,g_0_502
503,502,0.01957602967277894,NA,NA,NA,NA,FALSE,g_0_503
504,276,0.2415242579728636,NA,NA,NA,NA,FALSE,g_0_504
505,504,0.1915579525805331,NA,NA,NA,NA,FALSE,g_0_505
506,505,0.03735190627774232,NA,NA,NA,NA,FALSE,g_0_506
507,506,0.8642829704876962,NA,NA,NA,NA,FALSE,g_0_507
508,507,0.2652606566573885,NA,NA,NA,NA,FALSE,g_0_508
509,508,0.029636684735858676,NA,NA,NA,NA,FALSE,g_0_509
510,509,0.2643606499489022,NA,NA,NA,NA,FALSE,g_0_510
511,510,0.06720194758316622,NA,NA,NA,NA,FALSE,g_0_511
512,511,0.07038368704152376,NA,NA,NA,NA,FALSE,g_0_512
513,512,0.22595482911952303,NA,NA,NA,NA,FALSE,g_0_513
514,513,0.7005358006518968,NA,NA,NA,NA,FALSE,g_0_514
515,514,0.26713120958374226,NA,NA,NA,NA,FALSE,g_0_515
516,515,0.026396793363640647,NA,NA,NA,NA,FALSE,g_0_516
517,516,0.008026885227107261,NA,NA,NA,NA,FALSE,g_0_517
518,513,0.42186878769329783,NA,NA,NA,NA,FALSE,g_0_518
519,518,0.37639636445165814,NA,NA,NA,NA,FALSE,g_0_519
520,519,0.09462727766508794,NA,NA,NA,NA,FALSE,g_0_520
521,520,0.006964172823287429,NA,NA,NA,NA,FALSE,g_0_521
522,510,0.32624978383157366,NA,NA,NA,NA,FALSE,g_0_522
523,522,0.19118440026940298,NA,NA,NA,NA,FALSE,g_0_523
524,523,0.01768280845631698,NA,NA,NA,NA,FALSE,g_0_524
525,524,0.006785930995171441,NA,NA,NA,NA,FALSE,g_0_525
526,525,0.0055673520657555375,NA,NA,NA,NA,FALSE,g_0_526
527,526,0.012842455840368583,NA,NA,NA,NA,FALSE,g_0_527
528,527,0.01620786903232241,NA,NA,NA,NA,FALSE,g_0_528
529,524,0.05073927258943445,NA,NA,NA,NA,FALSE,g_0_529
530,523,0.05788599916634474,NA,NA,NA,NA,FALSE,g_0_530
531,530,0.11705621692597079,NA,NA,NA,NA,FALSE,g_0_531
532,531,0.01594784885850986,NA,NA,NA,NA,FALSE,g_0_532
533,531,0.050159733089965464,NA,NA,NA,NA,FALSE,g_0_533
534,533,0.020629146506274898,NA,NA,NA,NA,FALSE,g_0_534
535,506,0.38217859474660276,NA,NA,NA,NA,FALSE,g_0_535
536,535,0.1868954733967887,NA,NA,NA,NA,FALSE,g_0_536
537,536,0.19522336633337112,NA,NA,NA,NA,FALSE,g_0_537
538,537,0.04236329169575148,NA,NA,NA,NA,FALSE,g_0_538
539,538,0.22004119545918854,NA,NA,NA,NA,FALSE,g_0_539
540,539,0.5239845710664408,NA,NA,NA,NA,FALSE,g_0_540
541,539,0.13651377656833885,NA,NA,NA,NA,FALSE,g_0_541
542,275,0.39463512787447375,NA,NA,NA,NA,FALSE,g_0_542
543,542,1.3281335519131199,NA,NA,NA,NA,FALSE,g_0_543
544,543,1.3088871452573443,NA,NA,NA,NA,FALSE,g_0_544
545,544,0.05028851483571417,NA,NA,NA,NA,FALSE,g_0_545
546,545,0.8144588395159764,NA,NA,NA,NA,FALSE,g_0_546
547,542,0.5313054861348006,NA,NA,NA,NA,FALSE,g_0_547
